text,label
i love this product,1
this is amazing,1
absolutely fantastic experience,1
very happy with the service,1
best purchase ever,1
i am satisfied,1
this works perfectly,1
high quality and reliable,1
i would recommend this,1
great value for money,1
superb performance,1
really impressed,1
excellent support,1
this exceeded expectations,1
five stars,1
wonderful experience,1
very pleased,1
outstanding quality,1
fast and efficient,1
totally worth it,1
i truly love this product,1
this is really amazing,1
such a fantastic experience,1
very satisfied overall,1
i am extremely happy,1
works exactly as expected,1
great quality and build,1
highly recommend it,1
this is wonderful,1
pleasant experience overall,1
very good product,1
excellent performance,1
top notch quality,1
i enjoyed using this,1
completely satisfied,1
this made me happy,1
reliable and effective,1
worth every penny,1
impressive results,1
smooth and easy to use,1
really great purchase,1
fantastic customer support,1
i appreciate this product,1
brilliant design,1
simply amazing,1
perfectly executed,1
great experience,1
love how this works,1
this product is great,1
very impressive quality,1
i like this a lot,1
it works great,1
this is excellent,1
really good experience,1
amazing quality,1
super happy with this,1
very smooth operation,1
highly satisfied,1
this is top quality,1
great craftsmanship,1
very reliable,1
this product delivers,1
i am very impressed,1
completely happy,1
i recommend this product,1
extremely good quality,1
this works flawlessly,1
really enjoyable,1
very well made,1
outstanding performance,1
this is fantastic,1
i love using this,1
very positive experience,1
strongly recommend,1
excellent choice,1
perfect purchase,1
i am delighted,1
great overall,1
really satisfied customer,1
this is brilliant,1
very good service,1
absolutely love it,1
impressed with the quality,1
this product is awesome,1
very pleased customer,1
it performs well,1
highly effective,1
this is outstanding,1
i am happy with this,1
great support team,1
this exceeded my expectations,1
very enjoyable experience,1
superb quality,1
amazing service,1
very well done,1
fantastic product,1
extremely satisfied,1
great functionality,1
i truly recommend this,1
really excellent,1
very impressive,1
this is a great product,1
i am very satisfied,1
great design,1
this performs perfectly,1
really happy with this,1
very high quality,1
excellent experience overall,1
i am pleased with this,1
top quality product,1
this is very good,1
strong performance,1
this is a solid product,1
great reliability,1
i am thrilled,1
this product works well,1
i hate this product,0
this is terrible,0
absolutely awful experience,0
very disappointed,0
worst purchase ever,0
i regret buying this,0
this does not work,0
low quality and unreliable,0
would not recommend,0
waste of money,0
poor performance,0
really bad,0
terrible support,0
this failed expectations,0
one star,0
horrible experience,0
very unhappy,0
extremely frustrating,0
slow and inefficient,0
not worth it,0
i truly hate this product,0
this is really terrible,0
such an awful experience,0
very dissatisfied overall,0
i am extremely unhappy,0
does not work as expected,0
poor quality build,0
i do not recommend it,0
this is horrible,0
bad experience overall,0
very bad product,0
awful performance,0
cheap quality,0
i disliked using this,0
completely disappointed,0
this made me angry,0
unreliable and ineffective,0
not worth the price,0
terrible results,0
hard and frustrating to use,0
really bad purchase,0
terrible customer support,0
i regret this product,0
poor design,0
simply awful,0
poorly executed,0
bad overall experience,0
hate how this works,0
this product is bad,0
very disappointing quality,0
i do not like this,0
it works poorly,0
this is disappointing,0
really poor experience,0
bad quality,0
super unhappy with this,0
very slow operation,0
not satisfied,0
this is low quality,0
poor craftsmanship,0
very unreliable,0
this product fails,0
i am very disappointed,0
completely unhappy,0
i cannot recommend this,0
extremely poor quality,0
this works badly,0
really annoying,0
very poorly made,0
awful performance,0
this is disappointing,0
i hate using this,0
very negative experience,0
do not recommend,0
terrible choice,0
bad purchase,0
i am upset,0
poor overall,0
really dissatisfied customer,0
this is awful,0
very bad service,0
absolutely hate it,0
disappointed with the quality,0
this product is awful,0
very unhappy customer,0
it performs badly,0
highly ineffective,0
this is unacceptable,0
i am unhappy with this,0
bad support team,0
this did not meet expectations,0
very frustrating experience,0
poor quality product,0
bad service,0
very poorly done,0
terrible product,0
extremely disappointed,0
bad functionality,0
i strongly dislike this,0
really terrible,0
very unimpressive,0
this is a bad product,0
i am not satisfied,0
poor design choice,0
this performs terribly,0
really unhappy with this,0
very low quality,0
awful experience overall,0
i am dissatisfied with this,0
cheap product,0
this is very bad,0
weak performance,0
this is a terrible product,0
bad reliability,0
i am frustrated,0
this product does not work well,0
